link,titolo,data_rilevamento
/2026/08/27/a-san-lazzaro-torna-la-scartozzera-con-sei-serate-con-cibo-ballo-e-tradizione-669487/,"A San Lazzaro torna la Scartozzera con sei serate con cibo, ballo e tradizione",2026-08-27 19:26
/2026/08/27/al-campetto-del-limone-tre-serate-con-la-storica-sagra-del-muscolo-669463/,Al campetto del Limone tre serate con la storica “Sagra del muscolo”,2026-08-27 19:26
/2026/08/26/in-memoria-di-fabio-e-sagra-del-panigaccio-due-serate-di-raccolta-fondi-con-la-polisportiva-romito-magra-669411/,"“In memoria di Fabio” e “Sagra del panigaccio”, due serate di raccolta fondi con la Polisportiva Romito Magra",2026-08-27 19:26
/2026/08/26/monti-di-licciana-la-sagra-del-fungo-pronta-a-fare-cinquanta-669394/,"Monti di Licciana, la “Sagra del fungo” è pronta a fare cinquanta",2026-08-27 19:26
/2026/08/25/arcola-al-via-il-2-settembre-la-46ma-volta-della-sagra-della-polenta-668637/,"Arcola, al via il 2 settembre la 46ma edizione della “Sagra della polenta”",2026-08-27 19:26
/2026/08/24/tornano-gli-orti-di-pignone-appuntamento-nel-fine-settimana-con-sapori-e-tipicita-della-val-di-vara-669091/,"Tornano “Gli Orti di Pignone”, appuntamento nel fine settimana con sapori e tipicità della Val di Vara",2026-08-27 19:26
/2026/08/24/a-pitelli-due-giorni-tra-cuba-cultura-e-riflessioni-sulla-pace-669005/,"A Pitelli due giorni tra Cuba, cultura e riflessioni sulla pace",2026-08-27 19:26
/2026/08/21/sagra-del-fungo-di-tavarone-ai-nastri-di-partenza-la-54ma-edizione-668720/,"Sagra del fungo di Tavarone, ai nastri di partenza la 54esima edizione",2026-08-27 19:26
/2026/08/21/levanto-due-serate-con-la-festa-del-volontario-della-croce-verde-668797/,"Levanto, due serate con la “Festa del volontario” della Croce Verde",2026-08-27 19:26
/2026/08/31/sei-o-undici-chilometri-poi-la-polenta-domenica-torna-la-marcia-arcolana-669899/,"Sei o undici chilometri, poi la polenta: domenica torna la ‘Marcia arcolana’",2026-09-01 06:11
/2026/08/31/stalle-aperte-torna-a-rocchetta-escursione-sul-monte-cornoviglio-669876/,Stalle Aperte torna a Rocchetta: escursione sul monte Cornoviglio,2026-09-01 06:11
/2026/09/01/a-quercia-sei-serate-con-la-sagra-della-focaccetta-669267/,A Quercia sei serate con la “Sagra della focaccetta”,2026-09-02 06:16
/2026/09/01/a-castelnuovo-bettigna-in-festa-con-la-sagra-del-raviolo-670059/,A Castelnuovo “Bettigna in festa” con la sagra del raviolo,2026-09-02 06:16
/2026/09/02/varese-ligure-dove-la-terra-torna-al-centro-della-scena-670229/,"Varese Ligure, dove la terra torna al centro della scena",2026-09-03 06:12
/2026/09/02/una-festa-per-i-volontari-ma-soprattutto-per-la-citta-venerdi-la-pubblica-assistenza-in-calata-paita-670208/,"Una festa per i volontari, ma soprattutto per la città: venerdì la Pubblica Assistenza in Calata Paita",2026-09-03 06:12
/2026/09/07/conto-alla-rovescia-per-la-storica-sagra-delluva-di-vezzano-ligure-670831/,Conto alla rovescia per la storica sagra dell’uva di Vezzano Ligure,2026-09-08 06:11
/2026/09/06/bancarelmiele-una-conferma-ricca-di-appuntamenti-a-fivizzano-670529/,Bancarel’Miele: una conferma ricca di appuntamenti a Mulazzo,2026-09-08 06:11
/2026/09/06/dopo-due-rinvii-tutti-in-acqua-per-la-traversata-del-golfo-di-levanto-670747/,Dopo due rinvii tutti in acqua per la Traversata del Golfo di Levanto,2026-09-08 06:11
/2026/09/08/la-madonna-delle-grazie-nel-suo-ultimo-giorno-di-celebrazioni-fra-sagra-musica-e-il-lancio-degli-incursori-670973/,"La Madonna delle Grazie nel suo ultimo giorno di celebrazioni. Fra sagra, musica e il lancio degli incursori",2026-09-09 06:11
/2026/09/09/festa-dellunita-area-verde-di-marola-il-programma-671154/,Festa dell’Unità area verde di Marola: il programma,2026-09-10 06:12
/2026/09/09/a-castelnuovo-magra-torna-la-festa-nellaia-e-dei-nuovi-nati-671153/,A Castelnuovo Magra torna la “Festa nell’aia e dei nuovi nati”,2026-09-10 06:12
/2026/09/10/prelibatezze-di-terra-e-di-mare-con-musica-dal-vivo-caprigliola-si-prepara-alla-festa-della-madonna-del-buon-consiglio-671380/,Prelibatezze di terra e di mare con musica dal vivo. Caprigliola si prepara alla Festa della Madonna del Buon Consiglio,2026-09-11 06:11
/2026/09/14/a-veppo-una-domenica-tutta-dedicata-ai-bambini-giochi-pranzo-e-musica-alla-festa-del-bambino-contento-671832/,"A Veppo una domenica tutta dedicata ai bambini: giochi, pranzo e musica alla “Festa del bambino contento”",2026-09-15 06:11
/2026/09/15/a-barbarasco-torna-la-sagra-della-polenta-quattro-giorni-tra-cucina-e-tradizione-671950/,A Barbarasco torna la Sagra della Polenta: quattro giorni tra cucina e tradizione,2026-09-16 06:11
/2026/09/16/a-monti-torna-la-mitica-sagra-delle-focaccette-sei-giornate-tra-sapori-dautunno-e-tradizione-672101/,"A Monti torna la mitica Sagra delle focaccette, sei giornate tra sapori d’autunno e tradizione",2026-09-17 06:11
